<?xml version="1.0" encoding="UTF-8"?>
<!DOCTYPE mapper PUBLIC "-//mybatis.org//DTD Mapper 3.0//EN" "http://mybatis.org/dtd/mybatis-3-mapper.dtd">
<mapper namespace="com.example.demo.dao.IHelpDao">

	<sql id="selectColumn">
		jhi.ID AS id,
		jhi.HELP_NO AS helpNo,
		jhi.TITLE AS title,
		jhi.CONTENT AS content
	</sql>

	<select id="queryHelpById" resultType="com.example.demo.entity.HelpInfo">
		SELECT
			<include refid="selectColumn"/>
		FROM
		JPF_HELP_INFO jhi
		WHERE jhi.ID = #{id}
	</select>
	
	 <select id="queryHelp"  resultType="com.example.demo.entity.HelpInfo">
	 	SELECT
			<include refid="selectColumn"/>
		FROM
		JPF_HELP_INFO jhi
		WHERE 1=1
		limit 3,8
	 </select>
	
</mapper>